predicted_label,prob_Neutral,prob_Happy,prob_Sad,prob_Surprise,prob_Fear,prob_Disgust,prob_Anger,prob_Contempt
Sad,0.08611458859788168,0.09825401290722315,0.26801782294341414,0.030255873127839256,0.1975344532821101,0.23981949543388803,0.06185119691216203,0.018152556795481566
Disgust,0.07231036172177141,0.17288914570925523,0.1478624101622757,0.03946278315664804,0.1137715419477575,0.1760091683225826,0.11118224872608638,0.16651234025362313
Neutral,0.20353454428883883,0.14370696785680492,0.08239220563146964,0.0393952347405068,0.07278512466639626,0.10752089558372652,0.18749758116913806,0.16316744606311892
Happy,0.08586627828886703,0.24944181418637784,0.12709637378452596,0.1872422640841511,0.028934750723315902,0.028215817061531052,0.054493874976581445,0.23870882689464967
Anger,0.13622514375408962,0.1701756248900702,0.12913642735760442,0.08146567056186375,0.10351537557373401,0.11891816054364103,0.1727569378876837,0.0878066594313133
Neutral,0.19379821123143887,0.1333018360599179,0.1801395519656257,0.1081798178066199,0.1504177784598858,0.07363770181948111,0.11356049533014471,0.046964607326885996
