predicted_label,prob_Neutral,prob_Happy,prob_Sad,prob_Surprise,prob_Fear,prob_Disgust,prob_Anger,prob_Contempt
Happy,0.11305593389075885,0.20994728560037204,0.03184331974033557,0.20954653731925324,0.06888023936894651,0.09350829413915775,0.1828306683661046,0.09038772157507144
Disgust,0.1468064249927125,0.0073615381361347995,0.2012769945340042,0.14374782265412905,0.0880773116425208,0.21060358207901841,0.08098882858905881,0.12113749737242148
Contempt,0.03830173296835072,0.11518748479066213,0.05813629981885537,0.07495470234992349,0.21441288725973734,0.08012537584154888,0.13864085223471348,0.28024066473620857
Disgust,0.22536674064540627,0.1698563143716432,0.1268378515630716,0.06489013817007257,0.03764919540387248,0.227304418337343,0.12094194879498059,0.02715339271361035
Surprise,0.15508378056900565,0.19318834448606784,0.15247543136716052,0.22816412732171767,0.00984813774749765,0.1314786980643807,0.11425295225173253,0.015508528192437287
Happy,0.12929231909810363,0.17189152501175345,0.11953742718329435,0.05243587265872169,0.1693208482757202,0.10271481475895176,0.10299564536945541,0.15181154764399957
